customer_id,name,email,phone,created_at
1,Kenneth Davis,kenneth.davis_1@email.com,+16402387665,2025-07-05 14:09:00
2,Barbara Thomas,barbara.thomas_2@email.com,+12958682846,2025-01-18 14:09:00
3,Michelle Miller,michelle.miller_3@email.com,+19201369453,2025-07-01 14:09:00
4,Paul Garcia,paul.garcia_4@email.com,+14536146025,2025-08-05 14:09:00
5,Michael Johnson,michael.johnson_5@email.com,+12402418010,2025-04-10 14:09:00
6,Joseph King,joseph.king_6@email.com,+14585650756,2025-09-25 14:09:00
7,Margaret Gonzalez,margaret.gonzalez_7@email.com,+19370248113,2025-07-05 14:09:00
8,Brian Scott,brian.scott_8@email.com,+13801823908,2025-06-16 14:09:00
9,Mark Phillips,mark.phillips_9@email.com,+17489787280,2025-03-15 14:09:00
10,John Hernandez,john.hernandez_10@email.com,+14998485882,2024-11-19 14:09:00
11,Susan Moore,susan.moore_11@email.com,+12667779376,2025-07-20 14:09:00
12,Ronald Perez,ronald.perez_12@email.com,+12438989805,2025-07-08 14:09:00
13,Matthew Miller,matthew.miller_13@email.com,+17836771982,2025-05-17 14:09:00
14,Daniel Campbell,daniel.campbell_14@email.com,+17431075750,2025-06-07 14:09:00
15,Michael Robinson,michael.robinson_15@email.com,+14303082117,2025-05-19 14:09:00
16,Matthew Garcia,matthew.garcia_16@email.com,+14370996465,2024-12-11 14:09:00
17,Kenneth Parker,kenneth.parker_17@email.com,+17848177904,2025-01-31 14:09:00
18,Richard Jones,richard.jones_18@email.com,+16491781529,2024-12-26 14:09:00
19,Joseph Jackson,joseph.jackson_19@email.com,+16231494220,2025-04-07 14:09:00
20,Joseph Miller,joseph.miller_20@email.com,+13632629719,2025-01-12 14:09:00
21,Nancy White,nancy.white_21@email.com,+12698594025,2025-05-08 14:09:00
22,Daniel Wilson,daniel.wilson_22@email.com,+14878380452,2024-12-06 14:09:00
23,Brian Jones,brian.jones_23@email.com,+18911165043,2025-09-24 14:09:00
24,David Scott,david.scott_24@email.com,+15131575764,2025-02-05 14:09:00
25,David Robinson,david.robinson_25@email.com,+13629748727,2025-02-22 14:09:00
26,Kenneth Torres,kenneth.torres_26@email.com,+17238207270,2025-08-28 14:09:00
27,Christopher Brown,christopher.brown_27@email.com,+17278721273,2025-08-18 14:09:00
28,Michael Lee,michael.lee_28@email.com,+13722989659,2025-04-29 14:09:00
29,James Wilson,james.wilson_29@email.com,+18730987070,2025-04-11 14:09:00
30,Donna Lee,donna.lee_30@email.com,+17208191343,2025-01-18 14:09:00
31,Lisa Sanchez,lisa.sanchez_31@email.com,+14761027762,2025-04-09 14:09:00
32,Mary Taylor,mary.taylor_32@email.com,+12599707677,2025-04-24 14:09:00
33,Michelle Torres,michelle.torres_33@email.com,+14314889832,2025-08-26 14:09:00
34,Michelle Phillips,michelle.phillips_34@email.com,+18135076551,2025-08-22 14:09:00
35,Sandra Sanchez,sandra.sanchez_35@email.com,+13554762903,2025-02-14 14:09:00
36,William King,william.king_36@email.com,+14119634399,2024-11-30 14:09:00
37,Ronald Brown,ronald.brown_37@email.com,+15698408854,2025-06-07 14:09:00
38,Mary Hernandez,mary.hernandez_38@email.com,+19696922252,2024-12-13 14:09:00
39,Karen Campbell,karen.campbell_39@email.com,+12272849424,2025-06-03 14:09:00
40,Matthew Campbell,matthew.campbell_40@email.com,+16278308761,2025-09-25 14:09:00
41,Betty Taylor,betty.taylor_41@email.com,+19991987949,2024-11-21 14:09:00
42,John Davis,john.davis_42@email.com,+19222891031,2025-05-02 14:09:00
43,Paul Moore,paul.moore_43@email.com,+19596073699,2025-01-15 14:09:00
44,Susan Davis,susan.davis_44@email.com,+13260573448,2025-07-19 14:09:00
45,David Robinson,david.robinson_45@email.com,+16308905817,2024-12-04 14:09:00
46,Edward Taylor,edward.taylor_46@email.com,+15272602734,2025-10-02 14:09:00
47,Steven Miller,steven.miller_47@email.com,+17576777896,2025-02-16 14:09:00
48,Kenneth King,kenneth.king_48@email.com,+14615507143,2025-01-24 14:09:00
49,Mary White,mary.white_49@email.com,+15274958945,2025-08-24 14:09:00
50,Paul Wright,paul.wright_50@email.com,+15944899549,2025-07-16 14:09:00
51,Joshua Lee,joshua.lee_51@email.com,+14098545541,2025-01-25 14:09:00
52,Jessica White,jessica.white_52@email.com,+19866943545,2025-09-11 14:09:00
53,Elizabeth Thomas,elizabeth.thomas_53@email.com,+12248786714,2025-03-24 14:09:00
54,Andrew Garcia,andrew.garcia_54@email.com,+16662846057,2025-07-27 14:09:00
55,Lisa Jones,lisa.jones_55@email.com,+18582922854,2025-08-27 14:09:00
56,William Rodriguez,william.rodriguez_56@email.com,+14833608204,2025-10-14 14:09:00
57,Margaret Hernandez,margaret.hernandez_57@email.com,+17433376835,2025-08-23 14:09:00
58,Joshua Ramirez,joshua.ramirez_58@email.com,+16141907136,2025-07-02 14:09:00
59,Paul Gonzalez,paul.gonzalez_59@email.com,+15062092518,2025-01-29 14:09:00
60,Sarah White,sarah.white_60@email.com,+18176592801,2024-12-10 14:09:00
61,Betty Lewis,betty.lewis_61@email.com,+12519709079,2025-04-08 14:09:00
62,Joseph Jones,joseph.jones_62@email.com,+13452066459,2025-03-12 14:09:00
63,Sandra Torres,sandra.torres_63@email.com,+17283302547,2025-09-02 14:09:00
64,Joseph Smith,joseph.smith_64@email.com,+16599880278,2025-05-07 14:09:00
65,Kenneth Brown,kenneth.brown_65@email.com,+12983297492,2025-03-28 14:09:00
66,Michael Perez,michael.perez_66@email.com,+16599297299,2025-01-19 14:09:00
67,Linda Moore,linda.moore_67@email.com,+14873237671,2024-12-16 14:09:00
68,Jennifer Scott,jennifer.scott_68@email.com,+16863242351,2025-01-18 14:09:00
69,Andrew Peterson,andrew.peterson_69@email.com,+14030106617,2025-03-15 14:09:00
70,Donald Clark,donald.clark_70@email.com,+12817804383,2025-02-06 14:09:00
71,Robert Ramirez,robert.ramirez_71@email.com,+13521696479,2025-04-09 14:09:00
72,Anthony Robinson,anthony.robinson_72@email.com,+16527630758,2024-12-24 14:09:00
73,Kimberly Miller,kimberly.miller_73@email.com,+12260329455,2025-03-17 14:09:00
74,Edward Perez,edward.perez_74@email.com,+19733485937,2025-03-22 14:09:00
75,Robert Thomas,robert.thomas_75@email.com,+12822873088,2025-02-21 14:09:00
76,Paul Lewis,paul.lewis_76@email.com,+12602078388,2025-08-24 14:09:00
77,Patricia Moore,patricia.moore_77@email.com,+13986972437,2025-01-09 14:09:00
78,James Lewis,james.lewis_78@email.com,+19765396411,2025-03-13 14:09:00
79,Margaret Miller,margaret.miller_79@email.com,+16512242520,2025-02-06 14:09:00
80,Paul Smith,paul.smith_80@email.com,+16161807235,2025-04-11 14:09:00
81,Ronald Thomas,ronald.thomas_81@email.com,+12714300770,2025-09-05 14:09:00
82,Lisa Young,lisa.young_82@email.com,+17213004929,2025-05-12 14:09:00
83,Sarah Brown,sarah.brown_83@email.com,+12707111048,2025-10-01 14:09:00
84,John Harris,john.harris_84@email.com,+17434005756,2024-12-19 14:09:00
85,Nancy Jackson,nancy.jackson_85@email.com,+18111770602,2025-08-12 14:09:00
86,Edward Torres,edward.torres_86@email.com,+19137682913,2024-11-23 14:09:00
87,Lisa Martinez,lisa.martinez_87@email.com,+12815605132,2025-10-07 14:09:00
88,Jennifer Brown,jennifer.brown_88@email.com,+18782527680,2025-06-09 14:09:00
89,Paul Brown,paul.brown_89@email.com,+15212530587,2025-06-02 14:09:00
90,Sarah Brown,sarah.brown_90@email.com,+14509023674,2025-08-14 14:09:00
91,Steven Wright,steven.wright_91@email.com,+12676168421,2025-05-30 14:09:00
92,Steven Garcia,steven.garcia_92@email.com,+15656488400,2025-07-27 14:09:00
93,James Campbell,james.campbell_93@email.com,+16586856976,2025-05-06 14:09:00
94,Linda Sanchez,linda.sanchez_94@email.com,+16809876362,2024-12-31 14:09:00
95,Andrew Thomas,andrew.thomas_95@email.com,+18781405699,2025-01-28 14:09:00
96,Michael Parker,michael.parker_96@email.com,+12352116052,2025-02-27 14:09:00
97,Kevin Phillips,kevin.phillips_97@email.com,+18722598451,2025-09-05 14:09:00
98,Christopher Taylor,christopher.taylor_98@email.com,+17172253880,2025-09-18 14:09:00
99,Donna Lee,donna.lee_99@email.com,+13025148381,2025-06-03 14:09:00
100,Sarah Rodriguez,sarah.rodriguez_100@email.com,+19179854844,2025-03-29 14:09:00
101,Elizabeth Robinson,elizabeth.robinson_101@email.com,+17652937994,2024-11-22 14:09:00
102,Ronald Jones,ronald.jones_102@email.com,+12040009587,2025-01-21 14:09:00
103,Ashley Peterson,ashley.peterson_103@email.com,+16278201677,2025-09-13 14:09:00
104,James Scott,james.scott_104@email.com,+17210458091,2025-08-29 14:09:00
105,Thomas Rodriguez,thomas.rodriguez_105@email.com,+16008318526,2025-08-15 14:09:00
106,James Thomas,james.thomas_106@email.com,+13587106770,2025-03-14 14:09:00
107,David Lewis,david.lewis_107@email.com,+19875874610,2024-12-27 14:09:00
108,Donna Martin,donna.martin_108@email.com,+18922103276,2025-07-09 14:09:00
109,Kimberly Wright,kimberly.wright_109@email.com,+16328567280,2025-04-27 14:09:00
110,Margaret Martin,margaret.martin_110@email.com,+16739867930,2025-03-16 14:09:00
111,William Taylor,william.taylor_111@email.com,+16790729644,2025-09-11 14:09:00
112,Robert Torres,robert.torres_112@email.com,+12667643690,2025-03-03 14:09:00
113,Charles Campbell,charles.campbell_113@email.com,+17199614765,2025-07-07 14:09:00
114,Susan Wilson,susan.wilson_114@email.com,+19247744978,2025-06-07 14:09:00
115,Thomas King,thomas.king_115@email.com,+14098228320,2025-02-01 14:09:00
116,Sarah Garcia,sarah.garcia_116@email.com,+14724230947,2025-10-11 14:09:00
117,Barbara Williams,barbara.williams_117@email.com,+12015228622,2025-03-12 14:09:00
118,Carol Rodriguez,carol.rodriguez_118@email.com,+19031348404,2025-02-03 14:09:00
119,Thomas Hernandez,thomas.hernandez_119@email.com,+15183562527,2025-01-06 14:09:00
120,Margaret Ramirez,margaret.ramirez_120@email.com,+14409076656,2025-03-23 14:09:00
121,Jessica Jones,jessica.jones_121@email.com,+19262873961,2025-10-01 14:09:00
122,Mary Scott,mary.scott_122@email.com,+16449706974,2025-09-04 14:09:00
123,Jessica Phillips,jessica.phillips_123@email.com,+14373077218,2025-04-20 14:09:00
124,Karen Rodriguez,karen.rodriguez_124@email.com,+12179653598,2025-08-14 14:09:00
125,Jessica Williams,jessica.williams_125@email.com,+15860851904,2025-02-27 14:09:00
126,Jennifer Thomas,jennifer.thomas_126@email.com,+14864457210,2025-02-17 14:09:00
127,Daniel Torres,daniel.torres_127@email.com,+18040344895,2025-08-25 14:09:00
128,Ashley Martinez,ashley.martinez_128@email.com,+17311746380,2025-07-12 14:09:00
129,David Lopez,david.lopez_129@email.com,+15785653776,2025-03-08 14:09:00
130,Jane Lopez,jane.lopez_130@email.com,+19458487593,2025-02-27 14:09:00
131,Susan Clark,susan.clark_131@email.com,+19740540962,2025-02-21 14:09:00
132,Michelle Thomas,michelle.thomas_132@email.com,+13145921803,2025-05-26 14:09:00
133,Brian Miller,brian.miller_133@email.com,+17937971482,2025-04-28 14:09:00
134,Michael Young,michael.young_134@email.com,+12955345537,2025-09-17 14:09:00
135,Nancy Thompson,nancy.thompson_135@email.com,+17605752090,2025-09-10 14:09:00
136,Joseph Anderson,joseph.anderson_136@email.com,+16396605275,2025-10-03 14:09:00
137,Richard Sanchez,richard.sanchez_137@email.com,+13409874348,2025-05-09 14:09:00
138,James Moore,james.moore_138@email.com,+17803128433,2024-11-23 14:09:00
139,Steven Sanchez,steven.sanchez_139@email.com,+19213475373,2025-04-12 14:09:00
140,Paul Perez,paul.perez_140@email.com,+16033992825,2025-02-15 14:09:00
141,Jessica Taylor,jessica.taylor_141@email.com,+17061910235,2025-07-22 14:09:00
142,Thomas Williams,thomas.williams_142@email.com,+16760552700,2025-01-05 14:09:00
143,Karen Thompson,karen.thompson_143@email.com,+19424044505,2025-08-11 14:09:00
144,Christopher Ramirez,christopher.ramirez_144@email.com,+18898614485,2025-04-29 14:09:00
145,Steven Davis,steven.davis_145@email.com,+17949369059,2025-09-01 14:09:00
146,Andrew Gonzalez,andrew.gonzalez_146@email.com,+13094024844,2025-08-15 14:09:00
147,Donna Ramirez,donna.ramirez_147@email.com,+16302231267,2025-06-04 14:09:00
148,Paul Gonzalez,paul.gonzalez_148@email.com,+13564319318,2025-01-05 14:09:00
149,James Perez,james.perez_149@email.com,+14676432103,2025-09-18 14:09:00
150,Kevin Davis,kevin.davis_150@email.com,+19386288288,2025-06-30 14:09:00
151,Elizabeth King,elizabeth.king_151@email.com,+17623334806,2025-09-02 14:09:00
152,Anthony Lee,anthony.lee_152@email.com,+18023263798,2025-01-03 14:09:00
153,Charles Torres,charles.torres_153@email.com,+12546696950,2024-11-19 14:09:00
154,Anthony Harris,anthony.harris_154@email.com,+19204025708,2025-06-10 14:09:00
155,Patricia Parker,patricia.parker_155@email.com,+14444288473,2025-02-27 14:09:00
156,Sarah Torres,sarah.torres_156@email.com,+15580822352,2025-04-09 14:09:00
157,Elizabeth Jackson,elizabeth.jackson_157@email.com,+12902727745,2025-03-05 14:09:00
158,Sandra Campbell,sandra.campbell_158@email.com,+14811939242,2025-01-06 14:09:00
159,Nancy Lewis,nancy.lewis_159@email.com,+18194029161,2025-06-17 14:09:00
160,Jennifer King,jennifer.king_160@email.com,+18327286466,2025-06-22 14:09:00
161,Michelle Hernandez,michelle.hernandez_161@email.com,+14829742424,2025-02-25 14:09:00
162,Charles King,charles.king_162@email.com,+19146197814,2025-01-30 14:09:00
163,Ashley Perez,ashley.perez_163@email.com,+16696062250,2025-04-01 14:09:00
164,Ronald Thomas,ronald.thomas_164@email.com,+14889635392,2025-06-01 14:09:00
165,Joseph Gonzalez,joseph.gonzalez_165@email.com,+12632880459,2024-12-02 14:09:00
166,Michael Thomas,michael.thomas_166@email.com,+16225973028,2025-05-04 14:09:00
167,Ashley Jones,ashley.jones_167@email.com,+13955997540,2025-03-05 14:09:00
168,Kenneth Peterson,kenneth.peterson_168@email.com,+17130060268,2024-12-13 14:09:00
169,Brian Harris,brian.harris_169@email.com,+14123333781,2025-02-24 14:09:00
170,Linda Martinez,linda.martinez_170@email.com,+19112714985,2025-04-27 14:09:00
171,John Miller,john.miller_171@email.com,+15343290201,2025-05-17 14:09:00
172,Joseph Lopez,joseph.lopez_172@email.com,+19748592826,2024-12-05 14:09:00
173,Brian Wright,brian.wright_173@email.com,+13995226582,2025-05-09 14:09:00
174,Margaret Thomas,margaret.thomas_174@email.com,+12521231222,2025-07-12 14:09:00
175,William Robinson,william.robinson_175@email.com,+19162191809,2025-02-25 14:09:00
176,Margaret Campbell,margaret.campbell_176@email.com,+17657751634,2025-04-19 14:09:00
177,Ronald Lewis,ronald.lewis_177@email.com,+18926288978,2025-06-25 14:09:00
178,Edward King,edward.king_178@email.com,+18127804892,2024-12-02 14:09:00
179,Margaret Lewis,margaret.lewis_179@email.com,+15853479481,2025-08-25 14:09:00
180,Michelle Young,michelle.young_180@email.com,+13933034905,2025-01-21 14:09:00
181,Ronald Thomas,ronald.thomas_181@email.com,+19902150925,2024-12-25 14:09:00
182,Barbara Wright,barbara.wright_182@email.com,+18376295640,2025-06-25 14:09:00
183,Linda Moore,linda.moore_183@email.com,+13889238423,2025-07-07 14:09:00
184,Donna Jackson,donna.jackson_184@email.com,+13007142260,2025-06-25 14:09:00
185,Susan Lee,susan.lee_185@email.com,+12346078411,2025-07-27 14:09:00
186,Mary Anderson,mary.anderson_186@email.com,+17940091347,2025-04-12 14:09:00
187,Mary Wilson,mary.wilson_187@email.com,+12275860817,2025-06-25 14:09:00
188,Anthony Perez,anthony.perez_188@email.com,+14330497115,2025-10-14 14:09:00
189,Anthony Brown,anthony.brown_189@email.com,+17183314236,2025-06-08 14:09:00
190,Anthony Harris,anthony.harris_190@email.com,+18803569270,2025-03-10 14:09:00
191,Brian Johnson,brian.johnson_191@email.com,+19974603352,2025-08-23 14:09:00
192,Ronald Peterson,ronald.peterson_192@email.com,+13633724084,2025-03-06 14:09:00
193,John Thompson,john.thompson_193@email.com,+17577498878,2025-03-05 14:09:00
194,Matthew Clark,matthew.clark_194@email.com,+18606607019,2025-06-12 14:09:00
195,Michelle Scott,michelle.scott_195@email.com,+19730374915,2025-06-08 14:09:00
196,Joseph Allen,joseph.allen_196@email.com,+12942408767,2025-08-24 14:09:00
197,Karen Allen,karen.allen_197@email.com,+12124660666,2025-04-27 14:09:00
198,Susan Sanchez,susan.sanchez_198@email.com,+15110335359,2025-03-12 14:09:00
199,Nancy Rodriguez,nancy.rodriguez_199@email.com,+14294043548,2025-05-09 14:09:00
200,Sarah Phillips,sarah.phillips_200@email.com,+18719012406,2025-04-01 14:09:00
201,Jane Garcia,jane.garcia_201@email.com,+14760588734,2025-02-11 14:09:00
202,William Robinson,william.robinson_202@email.com,+12780520225,2024-11-26 14:09:00
203,Thomas Harris,thomas.harris_203@email.com,+13405969000,2025-03-27 14:09:00
204,Nancy Lee,nancy.lee_204@email.com,+17744521119,2025-04-15 14:09:00
205,Matthew Moore,matthew.moore_205@email.com,+19524824890,2025-06-15 14:09:00
206,Anthony Taylor,anthony.taylor_206@email.com,+15585915088,2025-02-03 14:09:00
207,Donald Johnson,donald.johnson_207@email.com,+19512001992,2024-12-26 14:09:00
208,Sarah Thompson,sarah.thompson_208@email.com,+17257994151,2025-01-09 14:09:00
209,James Williams,james.williams_209@email.com,+15239406957,2024-11-25 14:09:00
210,Linda Gonzalez,linda.gonzalez_210@email.com,+15604460472,2025-07-10 14:09:00
211,Ashley Martinez,ashley.martinez_211@email.com,+13024542722,2025-04-01 14:09:00
212,Donald Davis,donald.davis_212@email.com,+18717198178,2025-02-18 14:09:00
213,Jennifer Robinson,jennifer.robinson_213@email.com,+15004179184,2025-05-25 14:09:00
214,Carol White,carol.white_214@email.com,+17015616183,2025-07-11 14:09:00
215,Joshua Davis,joshua.davis_215@email.com,+19635557984,2025-03-29 14:09:00
216,David Martin,david.martin_216@email.com,+16759247893,2025-06-14 14:09:00
217,Jane Martin,jane.martin_217@email.com,+18767995394,2025-04-12 14:09:00
218,Matthew Sanchez,matthew.sanchez_218@email.com,+12851819913,2024-11-24 14:09:00
219,Sandra Thomas,sandra.thomas_219@email.com,+16732630060,2025-01-30 14:09:00
220,Carol Martin,carol.martin_220@email.com,+19946948952,2025-05-21 14:09:00
221,Joshua Davis,joshua.davis_221@email.com,+19714737142,2025-02-06 14:09:00
222,Andrew Williams,andrew.williams_222@email.com,+17786196104,2025-05-22 14:09:00
223,Karen White,karen.white_223@email.com,+16591134217,2025-05-21 14:09:00
224,Kimberly Perez,kimberly.perez_224@email.com,+16349307854,2025-03-31 14:09:00
225,Anthony Allen,anthony.allen_225@email.com,+12453285987,2024-12-12 14:09:00
226,Jessica Robinson,jessica.robinson_226@email.com,+15037867512,2025-06-10 14:09:00
227,Karen Lopez,karen.lopez_227@email.com,+19446594114,2025-09-07 14:09:00
228,Kimberly Moore,kimberly.moore_228@email.com,+18940290691,2025-06-09 14:09:00
229,Paul Young,paul.young_229@email.com,+13996617659,2025-01-22 14:09:00
230,Edward Phillips,edward.phillips_230@email.com,+13152750071,2025-05-18 14:09:00
231,Linda Garcia,linda.garcia_231@email.com,+17492954988,2024-12-22 14:09:00
232,Mark Thomas,mark.thomas_232@email.com,+15223271103,2025-07-09 14:09:00
233,Andrew Parker,andrew.parker_233@email.com,+14869847630,2025-01-26 14:09:00
234,Susan Johnson,susan.johnson_234@email.com,+18417997543,2025-02-06 14:09:00
235,Christopher Lopez,christopher.lopez_235@email.com,+14094011037,2025-05-25 14:09:00
236,Daniel Taylor,daniel.taylor_236@email.com,+13461744198,2025-06-26 14:09:00
237,Joshua Moore,joshua.moore_237@email.com,+14387104291,2025-08-17 14:09:00
238,Betty Gonzalez,betty.gonzalez_238@email.com,+12367704871,2025-10-14 14:09:00
239,Edward Clark,edward.clark_239@email.com,+18393393176,2024-12-16 14:09:00
240,Ronald Thomas,ronald.thomas_240@email.com,+14966144543,2025-02-04 14:09:00
241,Kimberly Allen,kimberly.allen_241@email.com,+18219862317,2025-05-29 14:09:00
242,Jane Garcia,jane.garcia_242@email.com,+13263732197,2025-09-09 14:09:00
243,Sarah Thomas,sarah.thomas_243@email.com,+17610112187,2025-05-09 14:09:00
244,Sandra White,sandra.white_244@email.com,+18327605619,2025-10-07 14:09:00
245,Betty Thompson,betty.thompson_245@email.com,+18122492253,2025-02-25 14:09:00
246,Michelle Torres,michelle.torres_246@email.com,+13420737819,2025-07-09 14:09:00
247,Brian Robinson,brian.robinson_247@email.com,+13163577186,2025-05-22 14:09:00
248,Thomas Anderson,thomas.anderson_248@email.com,+16813180356,2024-12-16 14:09:00
249,Richard Lee,richard.lee_249@email.com,+16808451004,2025-03-22 14:09:00
250,Paul Lopez,paul.lopez_250@email.com,+12822662216,2025-06-07 14:09:00
